,name,id,album,date
0,Fortnight (feat. Post Malone),6dODwocEuGzHAavXqTbwHv,THE TORTURED POETS DEPARTMENT: THE ANTHOLOGY,2024-04-19
1,The Tortured Poets Department,4PdLaGZubp4lghChqp8erB,THE TORTURED POETS DEPARTMENT: THE ANTHOLOGY,2024-04-19
2,My Boy Only Breaks His Favorite Toys,7uGYWMwRy24dm7RUDDhUlD,THE TORTURED POETS DEPARTMENT: THE ANTHOLOGY,2024-04-19
3,Down Bad,1kbEbBdEgQdQeLXCJh28pJ,THE TORTURED POETS DEPARTMENT: THE ANTHOLOGY,2024-04-19
4,"So Long, London",7wAkQFShJ27V8362MqevQr,THE TORTURED POETS DEPARTMENT: THE ANTHOLOGY,2024-04-19
5,But Daddy I Love Him,4QMgEffJQuKtjCNvqfRZ0m,THE TORTURED POETS DEPARTMENT: THE ANTHOLOGY,2024-04-19
6,Fresh Out The Slammer,7IWcDWOfiooH5hRs9XOVYz,THE TORTURED POETS DEPARTMENT: THE ANTHOLOGY,2024-04-19
7,Florida!!! (feat. Florence + The Machine),5ExOm0dh4NyRyAdSAO9hyM,THE TORTURED POETS DEPARTMENT: THE ANTHOLOGY,2024-04-19
8,Guilty as Sin?,799KrpEbhZp0MHeiA8YK9P,THE TORTURED POETS DEPARTMENT: THE ANTHOLOGY,2024-04-19
9,Who’s Afraid of Little Old Me?,2d8UxVNhJinc8uat9PoM9y,THE TORTURED POETS DEPARTMENT: THE ANTHOLOGY,2024-04-19
10,I Can Fix Him (No Really I Can),5chnRTB9qMK3W1M41SnU9s,THE TORTURED POETS DEPARTMENT: THE ANTHOLOGY,2024-04-19
11,loml,3YkNIrAvbKNrrwwEd7NVLl,THE TORTURED POETS DEPARTMENT: THE ANTHOLOGY,2024-04-19
12,I Can Do It With a Broken Heart,2fPvQfGQEZOKtJ9qXeL4x8,THE TORTURED POETS DEPARTMENT: THE ANTHOLOGY,2024-04-19
13,The Smallest Man Who Ever Lived,1xtw1krCR6Dw2KwkXw5z63,THE TORTURED POETS DEPARTMENT: THE ANTHOLOGY,2024-04-19
14,The Alchemy,1tuNqJOtRQVHvONR8Lg3MZ,THE TORTURED POETS DEPARTMENT: THE ANTHOLOGY,2024-04-19
15,Clara Bow,4d9PtIEVij9jW5OaLinH66,THE TORTURED POETS DEPARTMENT: THE ANTHOLOGY,2024-04-19
16,The Black Dog,62E2nR0od0M5HYxuYLaDz7,THE TORTURED POETS DEPARTMENT: THE ANTHOLOGY,2024-04-19
17,imgonnagetyouback,1kcwpPDQnqEqmezzXdJTCP,THE TORTURED POETS DEPARTMENT: THE ANTHOLOGY,2024-04-19
18,The Albatross,4EF6IyONolQy0bIQXm2EmX,THE TORTURED POETS DEPARTMENT: THE ANTHOLOGY,2024-04-19
19,Chloe or Sam or Sophia or Marcus,1rmEsOezwf2lmIZTMAO5Ag,THE TORTURED POETS DEPARTMENT: THE ANTHOLOGY,2024-04-19
20,How Did It End?,5Bedn0svl0ZD7RGmJkmKKw,THE TORTURED POETS DEPARTMENT: THE ANTHOLOGY,2024-04-19
21,So High School,7Mts0OfPorF4iwOomvfqn1,THE TORTURED POETS DEPARTMENT: THE ANTHOLOGY,2024-04-19
22,I Hate It Here,3hlGuz3loYoLfI3bpwieWq,THE TORTURED POETS DEPARTMENT: THE ANTHOLOGY,2024-04-19
23,thanK you aIMee,7ogK4lJDVDMU6A6vYR5rvD,THE TORTURED POETS DEPARTMENT: THE ANTHOLOGY,2024-04-19
24,I Look in People's Windows,1Zai5UJ2di3qEuR2HeT2s8,THE TORTURED POETS DEPARTMENT: THE ANTHOLOGY,2024-04-19
25,The Prophecy,18WFFUIsewmA8g31KAeo3e,THE TORTURED POETS DEPARTMENT: THE ANTHOLOGY,2024-04-19
26,Cassandra,0g4fMVo4JjwnIpTfFfLdxS,THE TORTURED POETS DEPARTMENT: THE ANTHOLOGY,2024-04-19
27,Peter,3zMDGj4D8ogaYgAIZPeU7S,THE TORTURED POETS DEPARTMENT: THE ANTHOLOGY,2024-04-19
28,The Bolter,2913xXOVAIDAqxzV2g4VcU,THE TORTURED POETS DEPARTMENT: THE ANTHOLOGY,2024-04-19
29,Robin,2CnjDMdpRjlWv04Xk3s6MW,THE TORTURED POETS DEPARTMENT: THE ANTHOLOGY,2024-04-19
30,The Manuscript,1DTRUYVd8rYpla9hhVVwjo,THE TORTURED POETS DEPARTMENT: THE ANTHOLOGY,2024-04-19
31,Fortnight (feat. Post Malone),2OzhQlSqBEmt7hmkYxfT6m,THE TORTURED POETS DEPARTMENT,2024-04-18
32,The Tortured Poets Department,3NMrVbIVWT3fPXBj0rNDKG,THE TORTURED POETS DEPARTMENT,2024-04-18
33,My Boy Only Breaks His Favorite Toys,2XXwLdtuAcE0HSCu61ijAb,THE TORTURED POETS DEPARTMENT,2024-04-18
34,Down Bad,2F3N9tdombb64aW6VtZOdo,THE TORTURED POETS DEPARTMENT,2024-04-18
35,"So Long, London",3Vevii7qKqrmW8CcyzBHDl,THE TORTURED POETS DEPARTMENT,2024-04-18
36,But Daddy I Love Him,5og4Qzt92jJzVDkOtSEilb,THE TORTURED POETS DEPARTMENT,2024-04-18
37,Fresh Out The Slammer,3fO566xJgwxIa3qGCGBvIC,THE TORTURED POETS DEPARTMENT,2024-04-18
38,Florida!!! (feat. Florence + The Machine),3ZVFcD8Wlw9T9klGqmJf9F,THE TORTURED POETS DEPARTMENT,2024-04-18
39,Guilty as Sin?,0W0iAC1VGlB82PI6elxFYf,THE TORTURED POETS DEPARTMENT,2024-04-18
40,Who’s Afraid of Little Old Me?,36t6frENUtCYKuZus6aYDO,THE TORTURED POETS DEPARTMENT,2024-04-18
41,I Can Fix Him (No Really I Can),2h3MDMf8sd9s4XIzpTBIjX,THE TORTURED POETS DEPARTMENT,2024-04-18
42,loml,6RSG1dKPV5gEvILwJb4QtS,THE TORTURED POETS DEPARTMENT,2024-04-18
43,I Can Do It With a Broken Heart,4q5YezDOIPcoLr8R81x9qy,THE TORTURED POETS DEPARTMENT,2024-04-18
44,The Smallest Man Who Ever Lived,2v1ivOOsgn64g5OywuH55L,THE TORTURED POETS DEPARTMENT,2024-04-18
45,The Alchemy,1dhMTsEZz6ZEquGvmzVoHn,THE TORTURED POETS DEPARTMENT,2024-04-18
46,Clara Bow,1UlhrRvYzbHEyugEDspXUB,THE TORTURED POETS DEPARTMENT,2024-04-18
47,Welcome To New York (Taylor's Version),4WUepByoeqcedHoYhSNHRt,1989 (Taylor's Version) [Deluxe],2023-10-27
48,Blank Space (Taylor's Version),0108kcWLnn2HlH2kedi1gn,1989 (Taylor's Version) [Deluxe],2023-10-27
49,Style (Taylor's Version),3Vpk1hfMAQme8VJ0SNRSkd,1989 (Taylor's Version) [Deluxe],2023-10-27
50,Out Of The Woods (Taylor's Version),1OcSfkeCg9hRC2sFKB4IMJ,1989 (Taylor's Version) [Deluxe],2023-10-27
51,All You Had To Do Was Stay (Taylor's Version),2k0ZEeAqzvYMcx9Qt5aClQ,1989 (Taylor's Version) [Deluxe],2023-10-27
52,Shake It Off (Taylor's Version),50yNTF0Od55qnHLxYsA5Pw,1989 (Taylor's Version) [Deluxe],2023-10-27
53,I Wish You Would (Taylor's Version),3FxJDucHWdw6caWTKO5b23,1989 (Taylor's Version) [Deluxe],2023-10-27
54,Bad Blood (Taylor's Version),7oZONwFiFIErZcXAtTu7FY,1989 (Taylor's Version) [Deluxe],2023-10-27
55,Wildest Dreams (Taylor's Version),27exgla7YBw9DUNNcTIpjy,1989 (Taylor's Version) [Deluxe],2023-10-27
56,How You Get The Girl (Taylor's Version),733OhaXQIHY7BKtY3vnSkn,1989 (Taylor's Version) [Deluxe],2023-10-27
57,This Love (Taylor’s Version),4WBEj8TeGtRPNJdOmT3WJW,1989 (Taylor's Version) [Deluxe],2023-10-27
58,I Know Places (Taylor's Version),1ULabO0PEsdJekqVH6G10G,1989 (Taylor's Version) [Deluxe],2023-10-27
59,Clean (Taylor's Version),0lKUBmEyQfzsQHozyeXzES,1989 (Taylor's Version) [Deluxe],2023-10-27
60,Wonderland (Taylor's Version),6HRsJu8vcnzYDN4t0570FY,1989 (Taylor's Version) [Deluxe],2023-10-27
61,You Are In Love (Taylor's Version),0TyGh27YQ5LknmiDhCzJiT,1989 (Taylor's Version) [Deluxe],2023-10-27
62,New Romantics (Taylor's Version),5M787RexsAiVYjQusM98CV,1989 (Taylor's Version) [Deluxe],2023-10-27
63,"""Slut!"" (Taylor's Version) (From The Vault)",0CD7DzeCsuPJygddqlUVYa,1989 (Taylor's Version) [Deluxe],2023-10-27
64,Say Don't Go (Taylor's Version) (From The Vault),3CCRVu4F91Qp2mnGjmWBrf,1989 (Taylor's Version) [Deluxe],2023-10-27
65,Now That We Don't Talk (Taylor's Version) (From The Vault),5QUIK7ZtziW8kGWo8RqopF,1989 (Taylor's Version) [Deluxe],2023-10-27
66,Suburban Legends (Taylor's Version) (From The Vault),6M9ppdfFjR1AbpUl3Y8DcV,1989 (Taylor's Version) [Deluxe],2023-10-27
67,Is It Over Now? (Taylor's Version) (From The Vault),6IG3sQ8s9nfk6TUlVzRhbN,1989 (Taylor's Version) [Deluxe],2023-10-27
68,Bad Blood (feat. Kendrick Lamar) (Taylor's Version),6qAcApH8obo8eqatCKUHd9,1989 (Taylor's Version) [Deluxe],2023-10-27
69,Welcome To New York (Taylor's Version),1hR8BSuEqPCCZfv93zzzz9,1989 (Taylor's Version),2023-10-26
70,Blank Space (Taylor's Version),45wMBGri1PORPjM9PwFfrS,1989 (Taylor's Version),2023-10-26
71,Style (Taylor's Version),1hjRhYpWyqDpPahmSlUTlc,1989 (Taylor's Version),2023-10-26
72,Out Of The Woods (Taylor's Version),045ZeOHPIzhxxsm8bq5kyE,1989 (Taylor's Version),2023-10-26
73,All You Had To Do Was Stay (Taylor's Version),6GXgd1BPD9bUpqw5AntGV5,1989 (Taylor's Version),2023-10-26
74,Shake It Off (Taylor's Version),3pv7Q5v2dpdefwdWIvE7yH,1989 (Taylor's Version),2023-10-26
75,I Wish You Would (Taylor's Version),43y1WpBdnEy5TR9aZoSQL9,1989 (Taylor's Version),2023-10-26
76,Bad Blood (Taylor's Version),64FzgoLZ3oXu2SriZblHic,1989 (Taylor's Version),2023-10-26
77,Wildest Dreams (Taylor's Version),1K39ty6o1sHwwlZwO6a7wK,1989 (Taylor's Version),2023-10-26
78,How You Get The Girl (Taylor's Version),75W3SngKzTuoQ94uLf3y82,1989 (Taylor's Version),2023-10-26
79,This Love (Taylor’s Version),5QVVjX0ZItqlVpEuVCM9Yg,1989 (Taylor's Version),2023-10-26
80,I Know Places (Taylor's Version),2f0GI2ZLUtbGqFx8t2Gk6A,1989 (Taylor's Version),2023-10-26
81,Clean (Taylor's Version),2ByBBvpR9b7IynvRmnG7kG,1989 (Taylor's Version),2023-10-26
82,Wonderland (Taylor's Version),2ve0kuaWUCt4Zx8x4bf1MR,1989 (Taylor's Version),2023-10-26
83,You Are In Love (Taylor's Version),4UwqOWDpdeIDVQDuKT6iza,1989 (Taylor's Version),2023-10-26
84,New Romantics (Taylor's Version),2vPMoMDXxu9uX1igWZmXSG,1989 (Taylor's Version),2023-10-26
85,"""Slut!"" (Taylor's Version) (From The Vault)",71BqAINEnezjQfxE4VuJfq,1989 (Taylor's Version),2023-10-26
86,Say Don't Go (Taylor's Version) (From The Vault),4NioO5R9sHEZh4cGzMHyNt,1989 (Taylor's Version),2023-10-26
87,Now That We Don't Talk (Taylor's Version) (From The Vault),5KD6AEm19QnMbfWpfoOHMl,1989 (Taylor's Version),2023-10-26
88,Suburban Legends (Taylor's Version) (From The Vault),6T0sEnqjmHISIKwFETeeiP,1989 (Taylor's Version),2023-10-26
89,Is It Over Now? (Taylor's Version) (From The Vault),1Iq8oo9XkmmvCQiGOfORiz,1989 (Taylor's Version),2023-10-26
90,Mine (Taylor's Version),7G0gBu6nLdhFDPRLc0HdDG,Speak Now (Taylor's Version),2023-07-07
91,Sparks Fly (Taylor’s Version),3MytWN8L7shNYzGl4tAKRp,Speak Now (Taylor's Version),2023-07-07
92,Back To December (Taylor's Version),79uDOz0zuuWS7HWxzMmTa2,Speak Now (Taylor's Version),2023-07-07
93,Speak Now (Taylor's Version),5xXqyjLicvEpch72qEryFT,Speak Now (Taylor's Version),2023-07-07
94,Dear John (Taylor's Version),1zU8j1x3yi9xalMF96pzKp,Speak Now (Taylor's Version),2023-07-07
95,Mean (Taylor's Version),30Y4CV7A6YqtQtTTo7Ue4j,Speak Now (Taylor's Version),2023-07-07
96,The Story Of Us (Taylor's Version),6dTA6y0C2ReQklntzZl8l3,Speak Now (Taylor's Version),2023-07-07
97,Never Grow Up (Taylor's Version),2EFZ9emtKWEglWUQGEQ3P9,Speak Now (Taylor's Version),2023-07-07
98,Enchanted (Taylor's Version),3sW3oSbzsfecv9XoUdGs7h,Speak Now (Taylor's Version),2023-07-07
99,Better Than Revenge (Taylor's Version),0NwGC0v03ysCYINtg6ns58,Speak Now (Taylor's Version),2023-07-07
100,Innocent (Taylor's Version),12nBPF4Rh4XLFJV0YLN7uj,Speak Now (Taylor's Version),2023-07-07
101,Haunted (Taylor's Version),4tMzIAFTFdqGBQLdfbPces,Speak Now (Taylor's Version),2023-07-07
102,Last Kiss (Taylor's Version),59KOoHFcw5XfICnO57holu,Speak Now (Taylor's Version),2023-07-07
103,Long Live (Taylor's Version),4hqJ4bSlYJOXb6Z4SRmzxs,Speak Now (Taylor's Version),2023-07-07
104,Ours (Taylor’s Version),3yNJkriPzWjkkDAWHIAVUq,Speak Now (Taylor's Version),2023-07-07
105,Superman (Taylor’s Version),4evLyY5Ue1Wesc61t2KXAU,Speak Now (Taylor's Version),2023-07-07
106,Electric Touch (feat. Fall Out Boy) (Taylor’s Version) (From The Vault),4e3ZNTAV6PCrdYMUrUlMpQ,Speak Now (Taylor's Version),2023-07-07
107,When Emma Falls in Love (Taylor’s Version) (From The Vault),0zo975x58DlXbZllWvfYhg,Speak Now (Taylor's Version),2023-07-07
108,I Can See You (Taylor’s Version) (From The Vault),5kHMfzgLZP95O9NBy0ku4v,Speak Now (Taylor's Version),2023-07-07
109,Castles Crumbling (feat. Hayley Williams) (Taylor’s Version) (From The Vault),4ABYxlb92WBIjHu7TIKmml,Speak Now (Taylor's Version),2023-07-07
110,Foolish One (Taylor’s Version) (From The Vault),4s8BIKx4Zh6ryAEz8RTlaU,Speak Now (Taylor's Version),2023-07-07
111,Timeless (Taylor’s Version) (From The Vault),1HCdems7PQZRj42QDWLA0A,Speak Now (Taylor's Version),2023-07-07
112,Lavender Haze,24emu3sabKISjRkrys28jq,Midnights (The Til Dawn Edition),2023-05-26
113,Maroon,6qxvy9Pe4RJIq5JBVbbwbS,Midnights (The Til Dawn Edition),2023-05-26
114,Anti-Hero,5qIHFdkW6phMsTZlN2g8Lc,Midnights (The Til Dawn Edition),2023-05-26
115,Snow On The Beach (feat. Lana Del Rey),7GA86Uo2jYbj8vIXe2nyWd,Midnights (The Til Dawn Edition),2023-05-26
116,"You're On Your Own, Kid",6PQOU00xWNrGwCZzboriXy,Midnights (The Til Dawn Edition),2023-05-26
117,Midnight Rain,4eKMqf9ZMSclDX7V9Ptg7x,Midnights (The Til Dawn Edition),2023-05-26
118,Question...?,7oomkQSYf1ia2VnVEWfFIU,Midnights (The Til Dawn Edition),2023-05-26
119,Vigilante Shit,0GKDhq6ZbmSbRHd3eyGlB7,Midnights (The Til Dawn Edition),2023-05-26
120,Bejeweled,0VpF6RLdCfPIeYRwMu4tZK,Midnights (The Til Dawn Edition),2023-05-26
121,Labyrinth,4bBDkw2KBMX0tcgAaXC83Q,Midnights (The Til Dawn Edition),2023-05-26
122,Karma,45R112Jz5hQeKgITXgSXzs,Midnights (The Til Dawn Edition),2023-05-26
123,Sweet Nothing,2L09RYwH5Pjzca6PmbUAw3,Midnights (The Til Dawn Edition),2023-05-26
124,Mastermind,1QQii3pa5m8MEda0nbkjfw,Midnights (The Til Dawn Edition),2023-05-26
125,The Great War,2VuqMjgoKaOHNM8HpxtXKx,Midnights (The Til Dawn Edition),2023-05-26
126,Bigger Than The Whole Sky,71CBDRKmF2VeRKYMG1DFBh,Midnights (The Til Dawn Edition),2023-05-26
127,Paris,5tWxKWq1DSP1s9WQ5PWuqu,Midnights (The Til Dawn Edition),2023-05-26
128,High Infidelity,1SztNGCwEHJEVFx90E5g7D,Midnights (The Til Dawn Edition),2023-05-26
129,Glitch,7C0w28EsX0Um2FrZs9gso2,Midnights (The Til Dawn Edition),2023-05-26
130,"Would've, Could've, Should've",4txojlesMFQZGWxwz2EeqB,Midnights (The Til Dawn Edition),2023-05-26
131,Dear Reader,10GRRCR5fctuOF4GFmATJI,Midnights (The Til Dawn Edition),2023-05-26
132,Hits Different,3xYJScVfxByb61dYHTwiby,Midnights (The Til Dawn Edition),2023-05-26
133,Snow On The Beach (feat. More Lana Del Rey),4zmKGsrXjLmljb5fTaBTot,Midnights (The Til Dawn Edition),2023-05-26
134,Karma (feat. Ice Spice),4i6cwNY6oIUU2XZxPIw82Y,Midnights (The Til Dawn Edition),2023-05-26
135,Lavender Haze,4g2c7NoTWAOSYDy44l9nub,Midnights (3am Edition),2022-10-22
136,Maroon,199E1RRrVmVTQqBXih5qRC,Midnights (3am Edition),2022-10-22
137,Anti-Hero,02Zkkf2zMkwRGQjZ7T4p8f,Midnights (3am Edition),2022-10-22
138,Snow On The Beach (feat. Lana Del Rey),6ADDIJxxqzM9LMpm78yzQG,Midnights (3am Edition),2022-10-22
139,"You're On Your Own, Kid",7gVWKBcfIW93YxNBi3ApIE,Midnights (3am Edition),2022-10-22
140,Midnight Rain,6Nl7KyvjkFncGsjB49SxLl,Midnights (3am Edition),2022-10-22
141,Question...?,6C7OF1Jal7YkyjzyUG8vkK,Midnights (3am Edition),2022-10-22
142,Vigilante Shit,5yeuXkukVGuix3vmLu2BPJ,Midnights (3am Edition),2022-10-22
143,Bejeweled,0jvo9CjnbR0lYUDTSNTMiu,Midnights (3am Edition),2022-10-22
144,Labyrinth,43q586vP8gGkYypKoSddhl,Midnights (3am Edition),2022-10-22
145,Karma,5oqDgw5VGBln5dSIOPWyBq,Midnights (3am Edition),2022-10-22
146,Sweet Nothing,3zmwONxswBAzGwExPugSLN,Midnights (3am Edition),2022-10-22
147,Mastermind,56hioFjQ0DXrdn04hZcFgG,Midnights (3am Edition),2022-10-22
148,The Great War,3UMrglJeju5yWyYIW6o99b,Midnights (3am Edition),2022-10-22
149,Bigger Than The Whole Sky,0BiqmkasE5FdrChwKfVp8X,Midnights (3am Edition),2022-10-22
150,Paris,7712gjoih4QoDbXpljEk21,Midnights (3am Edition),2022-10-22
151,High Infidelity,5kiZGSxgqPdv6rbqL9THdd,Midnights (3am Edition),2022-10-22
152,Glitch,6wAFvJPpTZVirBKGZ4EnMW,Midnights (3am Edition),2022-10-22
153,"Would've, Could've, Should've",0aV5uARAknQgYhBaK944FP,Midnights (3am Edition),2022-10-22
154,Dear Reader,3QF5RsWzK1lCvf2o2cY65P,Midnights (3am Edition),2022-10-22
155,Lavender Haze,5jQI2r1RdgtuT8S3iG8zFC,Midnights,2022-10-21
156,Maroon,3eX0NZfLtGzoLUxPNvRfqm,Midnights,2022-10-21
157,Anti-Hero,0V3wPSX9ygBnCm8psDIegu,Midnights,2022-10-21
158,Snow On The Beach (feat. Lana Del Rey),1wtOxkiel43cVs0Yux5Q4h,Midnights,2022-10-21
159,"You're On Your Own, Kid",4D7BCuvgdJlYvlX5WlN54t,Midnights,2022-10-21
160,Midnight Rain,3rWDp9tBPQR9z6U5YyRSK4,Midnights,2022-10-21
161,Question...?,0heeNYlwOGuUSe7TgUD27B,Midnights,2022-10-21
162,Vigilante Shit,1xwAWUI6Dj0WGC3KiUPN0O,Midnights,2022-10-21
163,Bejeweled,3qoftcUZaUOncvIYjFSPdE,Midnights,2022-10-21
164,Labyrinth,0A1JLUlkZkp2EFrosoNQi0,Midnights,2022-10-21
165,Karma,7KokYm8cMIXCsGVmUvKtqf,Midnights,2022-10-21
166,Sweet Nothing,0wavGRldH0AWyu2zvTz8zb,Midnights,2022-10-21
167,Mastermind,7FmYn9e7KHMXcxqGSj9LjH,Midnights,2022-10-21
168,State Of Grace (Taylor's Version),6lzc0Al0zfZOIFsFvBS1ki,Red (Taylor's Version),2021-11-12
169,Red (Taylor's Version),4OAuvHryIVv4kMDNSLuPt6,Red (Taylor's Version),2021-11-12
170,Treacherous (Taylor's Version),3S7HNKPakdwNEBFIVTL6dZ,Red (Taylor's Version),2021-11-12
171,I Knew You Were Trouble (Taylor's Version),6AtZLIzUINvExIUy4QhdjP,Red (Taylor's Version),2021-11-12
172,All Too Well (Taylor's Version),3nsfB1vus2qaloUdcBZvDu,Red (Taylor's Version),2021-11-12
173,22 (Taylor's Version),3yII7UwgLF6K5zW3xad3MP,Red (Taylor's Version),2021-11-12
174,I Almost Do (Taylor's Version),2r9CbjYgFhtAmcFv1cSquB,Red (Taylor's Version),2021-11-12
175,We Are Never Ever Getting Back Together (Taylor's Version),5YqltLsjdqFtvqE7Nrysvs,Red (Taylor's Version),2021-11-12
176,Stay Stay Stay (Taylor's Version),7eQj6r5PIdYKEIZjucBMcq,Red (Taylor's Version),2021-11-12
177,The Last Time (feat. Gary Lightbody of Snow Patrol) (Taylor’s Version),0y6kdSRCVQhSsHSpWvTUm7,Red (Taylor's Version),2021-11-12
178,Holy Ground (Taylor's Version),7J4b3LVCIGO4CMBDFLPoP6,Red (Taylor's Version),2021-11-12
179,Sad Beautiful Tragic (Taylor's Version),73qMN9bXy7MSPwwGfH3wQr,Red (Taylor's Version),2021-11-12
180,The Lucky One (Taylor's Version),4e5ayHsOLJNLTGfjau2mEw,Red (Taylor's Version),2021-11-12
181,Everything Has Changed (feat. Ed Sheeran) (Taylor’s Version),7qEUFOVcxRI19tbT68JcYK,Red (Taylor's Version),2021-11-12
182,Starlight (Taylor's Version),7A2cNLRT0YJc1yjxHlKihs,Red (Taylor's Version),2021-11-12
183,Begin Again (Taylor's Version),05GsNucq8Bngd9fnd4fRa0,Red (Taylor's Version),2021-11-12
184,The Moment I Knew (Taylor's Version),0NRHj8hDwwmSPaA41o379r,Red (Taylor's Version),2021-11-12
185,Come Back...Be Here (Taylor's Version),4pNApnaUWAL2J4KO2eqokq,Red (Taylor's Version),2021-11-12
186,Girl At Home (Taylor's Version),0DMVrlMUn01M0IcpDbwgu7,Red (Taylor's Version),2021-11-12
187,State Of Grace (Acoustic Version) (Taylor's Version),5jAIouBES8LWMiriuNq170,Red (Taylor's Version),2021-11-12
188,Ronan (Taylor's Version),7nWui6jiMM2m9qFmET1Mtj,Red (Taylor's Version),2021-11-12
189,Better Man (Taylor's Version) (From The Vault),4OmFmE0fzcMG6g0Y8p4eSD,Red (Taylor's Version),2021-11-12
190,Nothing New (feat. Phoebe Bridgers) (Taylor’s Version) (From The Vault),01K4zKU104LyJ8gMb7227B,Red (Taylor's Version),2021-11-12
191,Babe (Taylor's Version) (From The Vault),0v4z1tuZvn6LGknom9Qx7d,Red (Taylor's Version),2021-11-12
192,Message In A Bottle (Taylor's Version) (From The Vault),3z6XUommYDWPHeFhmhhT6j,Red (Taylor's Version),2021-11-12
193,I Bet You Think About Me (feat. Chris Stapleton) (Taylor’s Version) (From The Vault),4CkgMiMqZ5JzW9iYXSTMTL,Red (Taylor's Version),2021-11-12
194,Forever Winter (Taylor's Version) (From The Vault),3oGVx9RBmiYGv5ZCecWLkx,Red (Taylor's Version),2021-11-12
195,Run (feat. Ed Sheeran) (Taylor’s Version) (From The Vault),4IQkfUsrwXol38VV3U7t7T,Red (Taylor's Version),2021-11-12
196,The Very First Night (Taylor's Version) (From The Vault),6pYNq0ZwpPVazKzsqpf0G8,Red (Taylor's Version),2021-11-12
197,All Too Well (10 Minute Version) (Taylor's Version) (From The Vault),5enxwA8aAbwZbf5qCHORXi,Red (Taylor's Version),2021-11-12
198,Fearless (Taylor’s Version),77sMIMlNaSURUAXq5coCxE,Fearless (Taylor's Version),2021-04-09
199,Fifteen (Taylor’s Version),2nqio0SfWg6gh2eCtfuMa5,Fearless (Taylor's Version),2021-04-09
200,Love Story (Taylor’s Version),6YvqWjhGD8mB5QXcbcUKtx,Fearless (Taylor's Version),2021-04-09
201,Hey Stephen (Taylor’s Version),550erGcdD9n6PnwxrvYqZT,Fearless (Taylor's Version),2021-04-09
202,White Horse (Taylor’s Version),5YL553x8sHderRBDlm3NM3,Fearless (Taylor's Version),2021-04-09
203,You Belong With Me (Taylor’s Version),1qrpoAMXodY6895hGKoUpA,Fearless (Taylor's Version),2021-04-09
204,Breathe (feat. Colbie Caillat) (Taylor’s Version),7HC7R2D8WjXVcUHJyEGjRs,Fearless (Taylor's Version),2021-04-09
205,Tell Me Why (Taylor’s Version),0k0vFacOHNuArLWMiH60p7,Fearless (Taylor's Version),2021-04-09
206,You’re Not Sorry (Taylor’s Version),6iiAfo4wTA2CVC3Uwx9uh8,Fearless (Taylor's Version),2021-04-09
207,The Way I Loved You (Taylor’s Version),22bPsP2jCgbLUvh82U0Z3M,Fearless (Taylor's Version),2021-04-09
208,Forever & Always (Taylor’s Version),1msEuwSBneBKpVCZQcFTsU,Fearless (Taylor's Version),2021-04-09
209,The Best Day (Taylor’s Version),6ON9UuIq49xXY9GPmHIYRp,Fearless (Taylor's Version),2021-04-09
210,Change (Taylor’s Version),3ExweHKZF9B752DPQByRVT,Fearless (Taylor's Version),2021-04-09
211,Jump Then Fall (Taylor’s Version),2m3ObD945KvpE5y9A1eUWm,Fearless (Taylor's Version),2021-04-09
212,Untouchable (Taylor’s Version),0tQ9vBYpldCuikPsbgOVKA,Fearless (Taylor's Version),2021-04-09
213,Forever & Always (Piano Version) (Taylor’s Version),01QdEx6kFr78ZejhQtWR5m,Fearless (Taylor's Version),2021-04-09
214,Come In With The Rain (Taylor’s Version),1n2wszmJyVkw6FHqyLnQsY,Fearless (Taylor's Version),2021-04-09
215,Superstar (Taylor’s Version),51A8eKvvZz9uydvIZ7xRSV,Fearless (Taylor's Version),2021-04-09
216,The Other Side Of The Door (Taylor’s Version),1cSFlSBdpT4F5vb1frQ231,Fearless (Taylor's Version),2021-04-09
217,Today Was A Fairytale (Taylor’s Version),2JoJrsEV15OzbijS47lids,Fearless (Taylor's Version),2021-04-09
218,You All Over Me (feat. Maren Morris) (Taylor’s Version) (From The Vault),4CHpVfAhuxNJ3ibExe6kxO,Fearless (Taylor's Version),2021-04-09
219,Mr. Perfectly Fine (Taylor’s Version) (From The Vault),2CYVETnhM9aytqrazYYwrK,Fearless (Taylor's Version),2021-04-09
220,We Were Happy (Taylor’s Version) (From The Vault),34V9RiEPe8MNdU32qJsJa1,Fearless (Taylor's Version),2021-04-09
221,That’s When (feat. Keith Urban) (Taylor’s Version) (From The Vault),7eResoqEJJAVTkQYSqvO3P,Fearless (Taylor's Version),2021-04-09
222,Don’t You (Taylor’s Version) (From The Vault),4uuEGH5SVuzkkSFjo2DEiY,Fearless (Taylor's Version),2021-04-09
223,Bye Bye Baby (Taylor’s Version) (From The Vault),4qUijfYU8EoIWiY6oSyrgT,Fearless (Taylor's Version),2021-04-09
224,willow,2gVhfX2Gy1T9kDuS9azrF7,evermore (deluxe version),2021-01-07
225,champagne problems,1gcyHQpBQ1lfXGdhZmWrHP,evermore (deluxe version),2021-01-07
226,gold rush,3Dby3p1m6IOZn2gIIqECgK,evermore (deluxe version),2021-01-07
227,‘tis the damn season,6sQckd3Z8NPxVVKUnavY1F,evermore (deluxe version),2021-01-07
228,tolerate it,6lCvK2AR2uOKkVFCVlAzzm,evermore (deluxe version),2021-01-07
229,"no body, no crime (feat. HAIM)",6uwfVkaOM1mcMkFmSn35ix,evermore (deluxe version),2021-01-07
230,happiness,55Vf4bimc1Rtfg0PAQRAo2,evermore (deluxe version),2021-01-07
231,dorothea,66tOfHVH3aUrscg8vExRV4,evermore (deluxe version),2021-01-07
232,coney island (feat. The National),2awNGIJHodfLZSClB3PYhz,evermore (deluxe version),2021-01-07
233,ivy,43Ykum9T72UOPhBN31grpN,evermore (deluxe version),2021-01-07
234,cowboy like me,52OkpDsU6MmPx1AwGOb6Ap,evermore (deluxe version),2021-01-07
235,long story short,5VYWxXUpxuxEmCqMLDqICo,evermore (deluxe version),2021-01-07
236,marjorie,5uICWmZTLkpEVbK22PBP6e,evermore (deluxe version),2021-01-07
237,closure,6a8aUhYbaQBUI8PcJ5ZmQ6,evermore (deluxe version),2021-01-07
238,evermore (feat. Bon Iver),6Wlq9rqkxrqj5Kls4Kw14H,evermore (deluxe version),2021-01-07
239,right where you left me - bonus track,3zwMVvkBe2qIKDObWgXw4N,evermore (deluxe version),2021-01-07
240,it’s time to go - bonus track,1kdWw77ZpYOkhxeuhzU1j6,evermore (deluxe version),2021-01-07
241,willow,0lx2cLdOt3piJbcaXIV74f,evermore,2020-12-11
242,champagne problems,0sY6ZUTh4yoctD8VIXz339,evermore,2020-12-11
243,gold rush,5BK0uqwY9DNfZ630STAEaq,evermore,2020-12-11
244,‘tis the damn season,7dW84mWkdWE5a6lFWxJCBG,evermore,2020-12-11
245,tolerate it,0PurA4JVJ8YQgSVopY8fn6,evermore,2020-12-11
246,"no body, no crime (feat. HAIM)",3RaT22zZsxVYxxKR7TAaYF,evermore,2020-12-11
247,happiness,73YUReisjb3A9ActdLLjJQ,evermore,2020-12-11
248,dorothea,670fUmXf4KQekzbEgaXyPA,evermore,2020-12-11
249,coney island (feat. The National),3k7ne7VmH43ZPWxPdvPUgR,evermore,2020-12-11
250,ivy,19CSr8rwW05VJL2F91KFNK,evermore,2020-12-11
251,cowboy like me,1XjHRolIXL2M1EEOUsGGR4,evermore,2020-12-11
252,long story short,2o2sgVJIgFXk8GQjWTgI6U,evermore,2020-12-11
253,marjorie,12ntTeqEeTg7GAVpe8Mhpl,evermore,2020-12-11
254,closure,35rdVq36LMHQX0Suw9a6tK,evermore,2020-12-11
255,evermore (feat. Bon Iver),3O5osWf1rSoKMwe6E9ZaXP,evermore,2020-12-11
256,the 1,0P9wLFurlgumLXuqFEpw52,folklore: the long pond studio sessions (from the Disney+ special) [deluxe edition],2020-11-25
257,cardigan,7zcnlq38eqNWyUF6eNaB5Z,folklore: the long pond studio sessions (from the Disney+ special) [deluxe edition],2020-11-25
258,the last great american dynasty,4ojxSyrEraN7d46BMBPThZ,folklore: the long pond studio sessions (from the Disney+ special) [deluxe edition],2020-11-25
259,exile (feat. Bon Iver),6kz2hkq1xQvDqPcUyBkw8f,folklore: the long pond studio sessions (from the Disney+ special) [deluxe edition],2020-11-25
260,my tears ricochet,0Oju1YcbPCJuUQQWoZNdJK,folklore: the long pond studio sessions (from the Disney+ special) [deluxe edition],2020-11-25
261,mirrorball,5jQyGzcwqAxwT5QUIMivoX,folklore: the long pond studio sessions (from the Disney+ special) [deluxe edition],2020-11-25
262,seven,2vJ7QvyCiR4DaHxwO58izA,folklore: the long pond studio sessions (from the Disney+ special) [deluxe edition],2020-11-25
263,august,1UHoF9p75IVsvUt6WdTYhn,folklore: the long pond studio sessions (from the Disney+ special) [deluxe edition],2020-11-25
264,this is me trying,5DnDBYrfGoxdnomqEAkFIv,folklore: the long pond studio sessions (from the Disney+ special) [deluxe edition],2020-11-25
265,illicit affairs,7CVTowKpGPA2MsIbkTl2oc,folklore: the long pond studio sessions (from the Disney+ special) [deluxe edition],2020-11-25
266,invisible string,4WHIqhrbdva5vQSrCuet3l,folklore: the long pond studio sessions (from the Disney+ special) [deluxe edition],2020-11-25
267,mad woman,7klXN6RCN5Rj0VeYO5gBzU,folklore: the long pond studio sessions (from the Disney+ special) [deluxe edition],2020-11-25
268,epiphany,5MFjHn1qfR9AsWuyzJLk1z,folklore: the long pond studio sessions (from the Disney+ special) [deluxe edition],2020-11-25
269,betty,2jhfs6moEAK13eLM6xim4l,folklore: the long pond studio sessions (from the Disney+ special) [deluxe edition],2020-11-25
270,peace,0O9i6jhscByEJs1ipy5hu4,folklore: the long pond studio sessions (from the Disney+ special) [deluxe edition],2020-11-25
271,hoax,4XCYmu7QLySdIahgBALKJK,folklore: the long pond studio sessions (from the Disney+ special) [deluxe edition],2020-11-25
272,the lakes - bonus track,0zEprKYeuGOIZoHyu6O1E2,folklore: the long pond studio sessions (from the Disney+ special) [deluxe edition],2020-11-25
273,the 1 - the long pond studio sessions,08J4bMHbILkwSIhbtrcvjN,folklore: the long pond studio sessions (from the Disney+ special) [deluxe edition],2020-11-25
274,cardigan - the long pond studio sessions,3EPgWM1zfTSzEc0z4AwWTM,folklore: the long pond studio sessions (from the Disney+ special) [deluxe edition],2020-11-25
275,the last great american dynasty - the long pond studio sessions,28tIMaewZuGR8urkvFhQyA,folklore: the long pond studio sessions (from the Disney+ special) [deluxe edition],2020-11-25
276,exile (feat. Bon Iver) - the long pond studio sessions,7N015NTIWGjQDddHUdHPoO,folklore: the long pond studio sessions (from the Disney+ special) [deluxe edition],2020-11-25
277,my tears ricochet - the long pond studio sessions,5mdNyCS7ttVcAyVYOIFEjs,folklore: the long pond studio sessions (from the Disney+ special) [deluxe edition],2020-11-25
278,mirrorball - the long pond studio sessions,2yceD2hx5HhOLgkm1CITCi,folklore: the long pond studio sessions (from the Disney+ special) [deluxe edition],2020-11-25
279,seven - the long pond studio sessions,4cOWq0cVsKjxaQpRMbDoH1,folklore: the long pond studio sessions (from the Disney+ special) [deluxe edition],2020-11-25
280,august - the long pond studio sessions,4MGexoZc12lqE0hYkq9YYx,folklore: the long pond studio sessions (from the Disney+ special) [deluxe edition],2020-11-25
281,this is me trying - the long pond studio sessions,1gaLZjPrDnHQWJds2Jg4KT,folklore: the long pond studio sessions (from the Disney+ special) [deluxe edition],2020-11-25
282,illicit affairs - the long pond studio sessions,560uQyz3p5G9WdnMX39xc6,folklore: the long pond studio sessions (from the Disney+ special) [deluxe edition],2020-11-25
283,invisible string - the long pond studio sessions,5KByGq0JijSSDcy0qzuINs,folklore: the long pond studio sessions (from the Disney+ special) [deluxe edition],2020-11-25
284,mad woman - the long pond studio sessions,04xrhDrQ2WOW8GLwu7kbc0,folklore: the long pond studio sessions (from the Disney+ special) [deluxe edition],2020-11-25
285,epiphany - the long pond studio sessions,4yyKppX85ZkmlGOC2toBZA,folklore: the long pond studio sessions (from the Disney+ special) [deluxe edition],2020-11-25
286,betty - the long pond studio sessions,1mh5dObNoOvCfHmXnhvDEK,folklore: the long pond studio sessions (from the Disney+ special) [deluxe edition],2020-11-25
287,peace - the long pond studio sessions,4YHHz3VIXgNDGdoL9xC1tx,folklore: the long pond studio sessions (from the Disney+ special) [deluxe edition],2020-11-25
288,hoax - the long pond studio sessions,0QTBsdoJhamY3Aid3fOsOd,folklore: the long pond studio sessions (from the Disney+ special) [deluxe edition],2020-11-25
289,the lakes - the long pond studio sessions,6mqyTq948oap5AkyTsd6XF,folklore: the long pond studio sessions (from the Disney+ special) [deluxe edition],2020-11-25
290,the 1,4pfrrhvplbJZAIsfosGWQP,folklore (deluxe version),2020-08-18
291,cardigan,0KRYCBwIpWYFNrXOmXbyUh,folklore (deluxe version),2020-08-18
292,the last great american dynasty,2olxzvoFI9IpxqFeUv7WOX,folklore (deluxe version),2020-08-18
293,exile (feat. Bon Iver),5S4aYQAJOwJMAamANWlICO,folklore (deluxe version),2020-08-18
294,my tears ricochet,5P2bHCDM2tsgIaYWsZMhu5,folklore (deluxe version),2020-08-18
295,mirrorball,2I8YAEA1VmCuP1wkJHMpTw,folklore (deluxe version),2020-08-18
296,seven,76mOLcXOjOEhyY4mMF1l3r,folklore (deluxe version),2020-08-18
297,august,6nK2pIKFcRc5frrZKHgsiT,folklore (deluxe version),2020-08-18
298,this is me trying,7cm50Lw03k6VvRauJtkyTj,folklore (deluxe version),2020-08-18
299,illicit affairs,6DrLROM5MG9bxWHeEG5elq,folklore (deluxe version),2020-08-18
300,invisible string,2ehRU518I0hYqMGQnk4lDY,folklore (deluxe version),2020-08-18
301,mad woman,0RP1kqoSPkVXsKiQNhMKzV,folklore (deluxe version),2020-08-18
302,epiphany,1EXa37LpSvi3OQ9UYQ28rD,folklore (deluxe version),2020-08-18
303,betty,3IhtE4fkytdrtEfV34UzkD,folklore (deluxe version),2020-08-18
304,peace,6JlI8Ay77m4nJvZTHvfT1J,folklore (deluxe version),2020-08-18
305,hoax,0YeDG5HnKnG7jpArkzsSPa,folklore (deluxe version),2020-08-18
306,the lakes - bonus track,0eFQWVz0qIxDOvhLpZ40P7,folklore (deluxe version),2020-08-18
307,the 1,0Jlcvv8IykzHaSmj49uNW8,folklore,2020-07-24
308,cardigan,4R2kfaDFhslZEMJqAFNpdd,folklore,2020-07-24
309,the last great american dynasty,2Eeur20xVqfUoM3Q7EFPFt,folklore,2020-07-24
310,exile (feat. Bon Iver),4pvb0WLRcMtbPGmtejJJ6y,folklore,2020-07-24
311,my tears ricochet,1MgV7FIyNxIG7WzMRJV5HC,folklore,2020-07-24
312,mirrorball,0ZNU020wNYvgW84iljPkPP,folklore,2020-07-24
313,seven,6KJqZcs9XDgVck7Lg9QOTC,folklore,2020-07-24
314,august,3hUxzQpSfdDqwM3ZTFQY0K,folklore,2020-07-24
315,this is me trying,7kt9e9LFSpN1zQtYEl19o1,folklore,2020-07-24
316,illicit affairs,2NmsngXHeC1GQ9wWrzhOMf,folklore,2020-07-24
317,invisible string,6VsvKPJ4xjVNKpI8VVZ3SV,folklore,2020-07-24
318,mad woman,2QDyYdZyhlP2fp79KZX8Bi,folklore,2020-07-24
319,epiphany,08fa9LFcFBTcilB3iq2e2A,folklore,2020-07-24
320,betty,5kI4eCXXzyuIUXjQra0Cxi,folklore,2020-07-24
321,peace,7MbT4I8qGntX4fMdqMQgke,folklore,2020-07-24
322,hoax,6MWoRt97mnSTXZhu3ggi9C,folklore,2020-07-24
323,I Forgot That You Existed,43rA71bccXFGD4C8GOpIlN,Lover,2019-08-23
324,Cruel Summer,1BxfuPKGuaTgP7aM0Bbdwr,Lover,2019-08-23
325,Lover,1dGr1c8CrMLDpV6mPbImSI,Lover,2019-08-23
326,The Man,3RauEVgRgj1IuWdJ9fDs70,Lover,2019-08-23
327,The Archer,3pHkh7d0lzM2AldUtz2x37,Lover,2019-08-23
328,I Think He Knows,2YWtcWi3a83pdEg3Gif4Pd,Lover,2019-08-23
329,Miss Americana & The Heartbreak Prince,214nt20w5wOxJnY462klLw,Lover,2019-08-23
330,Paper Rings,4y5bvROuBDPr5fuwXbIBZR,Lover,2019-08-23
331,Cornelia Street,12M5uqx0ZuwkpLp5rJim1a,Lover,2019-08-23
332,Death By A Thousand Cuts,2dgFqt3w9xIQRjhPtwNk3D,Lover,2019-08-23
333,London Boy,1LLXZFeAHK9R4xUramtUKw,Lover,2019-08-23
334,Soon You’ll Get Better (feat. The Chicks),4AYtqFyFbX0Xkc2wtcygTr,Lover,2019-08-23
335,False God,5hQSXkFgbxjZo9uCwd11so,Lover,2019-08-23
336,You Need To Calm Down,6RRNNciQGZEXnqk8SQ9yv5,Lover,2019-08-23
337,Afterglow,1SymEzIT3H8UZfibCs3TYi,Lover,2019-08-23
338,ME! (feat. Brendon Urie of Panic! At The Disco),2Rk4JlNc2TPmZe2af99d45,Lover,2019-08-23
339,It’s Nice To Have A Friend,1SmiQ65iSAbPto6gPFlBYm,Lover,2019-08-23
340,Daylight,1fzAuUVbzlhZ1lJAx9PtY6,Lover,2019-08-23
341,...Ready For It?,2yLa0QULdQr0qAIvVwN6B5,reputation,2017-11-10
342,End Game,2x0WlnmfG39ZuDmstl9xfX,reputation,2017-11-10
343,I Did Something Bad,4svZDCRz4cJoneBpjpx8DJ,reputation,2017-11-10
344,Don’t Blame Me,1R0a2iXumgCiFb7HEZ7gUE,reputation,2017-11-10
345,Delicate,6NFyWDv5CjfwuzoCkw47Xf,reputation,2017-11-10
346,Look What You Made Me Do,1P17dC1amhFzptugyAO7Il,reputation,2017-11-10
347,So It Goes...,5PxFv9yJEg9dxvbZggykro,reputation,2017-11-10
348,Gorgeous,1ZY1PqizIl78geGM4xWlEA,reputation,2017-11-10
349,Getaway Car,0VE4kBnHJUgtMf0dy6DRmW,reputation,2017-11-10
350,King Of My Heart,7HuBDWi18s4aJM8UFnNheH,reputation,2017-11-10
351,Dancing With Our Hands Tied,7I7JbDv63ZJJsSi24DyJrz,reputation,2017-11-10
352,Dress,6oVxXO5oQ4pTpO8RSnkzvv,reputation,2017-11-10
353,This Is Why We Can't Have Nice Things,07NxDD1iKCHbAldceD7QLP,reputation,2017-11-10
354,Call It What You Want,1GwMQaZz6Au3QLDbjbMdme,reputation,2017-11-10
355,New Year’s Day,7F5oktn5YOsR9eR5YsFtqb,reputation,2017-11-10
356,All Too Well,00vJzaoxM3Eja1doBUhX0P,reputation Stadium Tour Surprise Song Playlist,2017-11-09
357,Wildest Dreams,22C0JIVhFaczZ4t9heqREN,reputation Stadium Tour Surprise Song Playlist,2017-11-09
358,The Best Day,7APTsjmZbj7TFXQJAiRti4,reputation Stadium Tour Surprise Song Playlist,2017-11-09
359,Red,4V9NuhKQcUFt4cgbynHV79,reputation Stadium Tour Surprise Song Playlist,2017-11-09
360,Holy Ground,4hCZk6WJBFQeG3P7WsyntI,reputation Stadium Tour Surprise Song Playlist,2017-11-09
361,Teardrops On My Guitar - Radio Single Remix,7eGeUVeCEvEQrivmjl9Qn3,reputation Stadium Tour Surprise Song Playlist,2017-11-09
362,Our Song,7qGr3rjRhndRIpFUA5f2HJ,reputation Stadium Tour Surprise Song Playlist,2017-11-09
363,22,2P5gfMtCcKP0CkmgqFMyPg,reputation Stadium Tour Surprise Song Playlist,2017-11-09
364,I Knew You Were Trouble.,2o2IVjuqRkR9hJxtPjtAP0,reputation Stadium Tour Surprise Song Playlist,2017-11-09
365,I Don’t Wanna Live Forever (Fifty Shades Darker),55n9yjI6qqXh5F2mYvUc2y,reputation Stadium Tour Surprise Song Playlist,2017-11-09
366,Mean,5rcHBt2aNcGFWW0jaAUe1L,reputation Stadium Tour Surprise Song Playlist,2017-11-09
367,How You Get The Girl,3aSYZ4upQ6OSNos26YeVWL,reputation Stadium Tour Surprise Song Playlist,2017-11-09
368,So It Goes...,41T04yafZVrjNq2FqvLtId,reputation Stadium Tour Surprise Song Playlist,2017-11-09
369,Fifteen,0H2UD0LfSCiRr59YMGlCuS,reputation Stadium Tour Surprise Song Playlist,2017-11-09
370,Mine,6FmJKLpyCt42nP2IOVEVc2,reputation Stadium Tour Surprise Song Playlist,2017-11-09
371,Sparks Fly,5h2sBwpUSAndjObfU3ti2r,reputation Stadium Tour Surprise Song Playlist,2017-11-09
372,State Of Grace,0YRGTdfmJPALpglAaraYUr,reputation Stadium Tour Surprise Song Playlist,2017-11-09
373,Haunted,6CB7DczrX9ZJB9Wkjegmaq,reputation Stadium Tour Surprise Song Playlist,2017-11-09
374,Never Grow Up,1UPDfqsVIZLEiZeMuUsni2,reputation Stadium Tour Surprise Song Playlist,2017-11-09
375,Treacherous,0r3U7SOcoj4DIEyN44Lt5z,reputation Stadium Tour Surprise Song Playlist,2017-11-09
376,Babe,40PXEOFLJc7UIpLMrhSfW1,reputation Stadium Tour Surprise Song Playlist,2017-11-09
377,Welcome To New York,3YLA3NgzFRRa7LiHMtFPby,reputation Stadium Tour Surprise Song Playlist,2017-11-09
378,Fearless,43sE2O3skbGBpT2tO6fzv9,reputation Stadium Tour Surprise Song Playlist,2017-11-09
379,Enchanted,5lg33MHs1BoUtJVClw8ZpI,reputation Stadium Tour Surprise Song Playlist,2017-11-09
380,Change,5PSOWHll3h3Vy226xSJk0M,reputation Stadium Tour Surprise Song Playlist,2017-11-09
381,Ours,0V3SNHDka1JSCP71HAzpxw,reputation Stadium Tour Surprise Song Playlist,2017-11-09
382,Out Of The Woods,0GmfiNHSgkKamYgQEMYOH3,reputation Stadium Tour Surprise Song Playlist,2017-11-09
383,Come Back...Be Here,5hiqtrACtMJkNpaNHj0n9Z,reputation Stadium Tour Surprise Song Playlist,2017-11-09
384,A Place in this World,2RSYYe7LhKFxIi50T5XtUo,reputation Stadium Tour Surprise Song Playlist,2017-11-09
385,This Love,64KRxmbqypPBlya4nxFmDn,reputation Stadium Tour Surprise Song Playlist,2017-11-09
386,The Lucky One,24ksPWXKg1k7OOG57pufED,reputation Stadium Tour Surprise Song Playlist,2017-11-09
387,Invisible,0kqC185OTcnuhbz4T7g5RB,reputation Stadium Tour Surprise Song Playlist,2017-11-09
388,Breathe,3oxgFdIlxFEDEJqn7k5TVN,reputation Stadium Tour Surprise Song Playlist,2017-11-09
389,Better Man,3EXetjrGgwIjDRNn6YA8sa,reputation Stadium Tour Surprise Song Playlist,2017-11-09
390,Jump Then Fall,5zytSTR2g0I9psX2Z12ex6,reputation Stadium Tour Surprise Song Playlist,2017-11-09
391,Begin Again,2G679wnKfyhUOeNx910OXg,reputation Stadium Tour Surprise Song Playlist,2017-11-09
392,Tied Together with a Smile,4qNEi8zGIYLiMtoW8OaJdx,reputation Stadium Tour Surprise Song Playlist,2017-11-09
393,The Story Of Us,2fF3QzbGCrtrDXIdWcg1mv,reputation Stadium Tour Surprise Song Playlist,2017-11-09
394,Forever & Always,0QCS4NpURHvWdF1icdkfBw,reputation Stadium Tour Surprise Song Playlist,2017-11-09
395,Hey Stephen,0TYJbIHBtmWy9ugtU9BcbE,reputation Stadium Tour Surprise Song Playlist,2017-11-09
396,Speak Now,1XLc4irbX7oQSneh6gWv3O,reputation Stadium Tour Surprise Song Playlist,2017-11-09
397,Wonderland,0eTCaVOYLpJlSkbEi2jay4,reputation Stadium Tour Surprise Song Playlist,2017-11-09
398,White Horse,4RMfSYDFkcz0bKoK8fHDgR,reputation Stadium Tour Surprise Song Playlist,2017-11-09
399,I'm Only Me When I'm With You,6Py8IKZqDyU8aQVrjilbJw,reputation Stadium Tour Surprise Song Playlist,2017-11-09
400,Starlight,7txpzmA69zyk50K3ZyZSzC,reputation Stadium Tour Surprise Song Playlist,2017-11-09
401,I Know Places,3qGLcmO0XnnrcpAQGZwTvA,reputation Stadium Tour Surprise Song Playlist,2017-11-09
402,Welcome To New York,3nRmDz7qGCvsMS30rGGY0x,1989 (Deluxe),2014-01-01
403,Blank Space,1u8c2t2Cy7UBoG4ArRcF5g,1989 (Deluxe),2014-01-01
404,Style,0ug5NqcwcFR2xrfTkc7k8e,1989 (Deluxe),2014-01-01
405,Out Of The Woods,0qUnBLZ8bJqUNEeQgayL9t,1989 (Deluxe),2014-01-01
406,All You Had To Do Was Stay,6aLOekfwbytwWvQftxTEF0,1989 (Deluxe),2014-01-01
407,Shake It Off,0cqRj7pUJDkTCEsJkx8snD,1989 (Deluxe),2014-01-01
408,I Wish You Would,5gRYrtvyVyaCRvLt56OfuV,1989 (Deluxe),2014-01-01
409,Bad Blood,2NlmmAjGYrrjAp0MED5rGx,1989 (Deluxe),2014-01-01
410,Wildest Dreams,4A4A6dwl5DqdqrZaEtKGPR,1989 (Deluxe),2014-01-01
411,How You Get The Girl,0fM9dEhUFV4MHDuJgrcfOv,1989 (Deluxe),2014-01-01
412,This Love,4L560fic5PaTuCFm6CviKa,1989 (Deluxe),2014-01-01
413,I Know Places,6EwNJz8CuVsrsLvXprJ20Q,1989 (Deluxe),2014-01-01
414,Clean,1NmVZsG18CzCAtw7rnV3yA,1989 (Deluxe),2014-01-01
415,Wonderland,6RvRzl1YJTDnUvdOtV21IK,1989 (Deluxe),2014-01-01
416,You Are In Love,2KrOAg6FftbjgSKdd2a4rS,1989 (Deluxe),2014-01-01
417,New Romantics,0qAIiGFKLdV1xpNlEhjpq8,1989 (Deluxe),2014-01-01
418,I Know Places - Voice Memo,4FoV729rw7IhoKlMZW5K5V,1989 (Deluxe),2014-01-01
419,I Wish You Would - Voice Memo,4eTXfpHxhxVofrBUjAhPMg,1989 (Deluxe),2014-01-01
420,Blank Space - Voice Memo,4e6QU4gpfZj9xxcK856RgG,1989 (Deluxe),2014-01-01
421,Welcome To New York,10nqz67NQWWa7XPq7ycihi,1989,2014-01-01
422,Blank Space,2ls70nUDfjzm1lSRDuKxmw,1989,2014-01-01
423,Style,71PmZqBXH0RUETqxpwlV0w,1989,2014-01-01
424,Out Of The Woods,7EpVQjqtKygiwJIASxMWNg,1989,2014-01-01
425,All You Had To Do Was Stay,4NNolUeL5m2ju7kf8pdg6H,1989,2014-01-01
426,Shake It Off,1kKlhuQE0HXp1IwBRpaH2P,1989,2014-01-01
427,I Wish You Would,5RVJ6VKfwtosA5Q1qeHdjF,1989,2014-01-01
428,Bad Blood,0TvQLMecTE8utzoNmvXRbK,1989,2014-01-01
429,Wildest Dreams,3fVnlF4pGqWI9flVENcT28,1989,2014-01-01
430,How You Get The Girl,5Z9ocF6ng0m2haHnKtHwTp,1989,2014-01-01
431,This Love,7lTxQZVXlvIX7Z3szSy8Sh,1989,2014-01-01
432,I Know Places,6Ck9WerfsyvC4v4AylUoDp,1989,2014-01-01
433,Clean,2k43eySbfpDVx0PrO99UI8,1989,2014-01-01
